date,max_temp,min_temp,crowd_level
2010-10-13,78°F,63°F,3
2010-10-14,72°F,63°F,4
2010-10-15,72°F,63°F,4
2010-10-16,68°F,63°F,7
2010-10-17,67°F,63°F,5
2010-10-18,67°F,61°F,3
2010-10-19,68°F,62°F,2
2010-10-20,67°F,61°F,3
2010-10-21,67°F,62°F,3
2010-10-22,68°F,60°F,5
2010-10-23,69°F,59°F,7
2010-10-24,72°F,57°F,5
2010-10-25,76°F,62°F,2
2010-10-26,81°F,56°F,2
2010-10-27,83°F,55°F,3
2010-10-28,83°F,56°F,2
2010-10-29,79°F,53°F,4
2010-10-30,69°F,58°F,6
2010-10-31,78°F,52°F,4
2010-11-01,87°F,51°F,2
2010-11-02,91°F,58°F,4
2010-11-03,98°F,59°F,5
2010-11-04,96°F,63°F,5
2010-11-05,86°F,64°F,8
2010-11-06,74°F,60°F,8
2010-11-07,69°F,58°F,4
2010-11-08,71°F,54°F,2
2010-11-09,68°F,47°F,2
2010-11-10,73°F,46°F,2
2010-11-11,75°F,49°F,6
2010-11-12,78°F,47°F,7
2010-11-13,81°F,48°F,6
2010-11-14,80°F,52°F,4
2010-11-15,75°F,51°F,2
2010-11-16,69°F,49°F,2
2010-11-17,74°F,56°F,2
2010-11-18,71°F,50°F,2
2010-11-19,62°F,58°F,5
2010-11-20,62°F,54°F,7
2010-11-21,61°F,49°F,4
2010-11-22,62°F,43°F,5
2010-11-23,61°F,45°F,9
2010-11-24,64°F,46°F,9
2010-11-25,65°F,42°F,8
2010-11-26,69°F,41°F,9
2010-11-27,61°F,39°F,9
2010-11-28,63°F,46°F,9
2010-11-29,65°F,39°F,2
2010-11-30,70°F,42°F,2
2010-12-01,73°F,42°F,2
2010-12-02,72°F,42°F,2
2010-12-03,69°F,44°F,5
2010-12-04,63°F,46°F,7
2010-12-05,67°F,48°F,5
2010-12-06,67°F,49°F,3
2010-12-07,75°F,44°F,3
2010-12-08,69°F,44°F,4
2010-12-09,66°F,46°F,3
2010-12-10,68°F,50°F,6
2010-12-11,84°F,51°F,7
2010-12-12,87°F,52°F,5
2010-12-13,76°F,51°F,3
2010-12-14,60°F,50°F,2
2010-12-15,61°F,56°F,5
2010-12-16,60°F,52°F,4
2010-12-17,60°F,52°F,5
2010-12-18,61°F,57°F,7
2010-12-19,61°F,57°F,7
2010-12-20,61°F,55°F,7
2010-12-21,58°F,53°F,7
2010-12-22,60°F,53°F,10
2010-12-23,64°F,49°F,10
2010-12-24,68°F,44°F,8
2010-12-25,60°F,48°F,10
2010-12-26,63°F,49°F,10
2010-12-27,66°F,41°F,10
2010-12-28,64°F,42°F,10
2010-12-29,56°F,51°F,10
2010-12-30,56°F,44°F,10
2010-12-31,56°F,33°F,10
2011-01-01,58°F,40°F,9
2011-01-02,55°F,44°F,9
2011-01-03,60°F,46°F,5
2011-01-04,67°F,43°F,1
2011-01-05,67°F,45°F,2
2011-01-06,65°F,47°F,1
2011-01-07,60°F,47°F,5
2011-01-08,58°F,47°F,7
2011-01-09,62°F,47°F,4
2011-01-10,64°F,43°F,3
2011-01-11,68°F,47°F,2
2011-01-12,72°F,46°F,2
2011-01-13,78°F,46°F,2
2011-01-14,79°F,48°F,5
2011-01-15,80°F,52°F,8
2011-01-16,75°F,48°F,8
2011-01-17,78°F,51°F,7
2011-01-18,78°F,50°F,5
2011-01-19,71°F,50°F,6
2011-01-20,76°F,50°F,6
2011-01-21,75°F,44°F,5
2011-01-22,74°F,44°F,6
2011-01-23,76°F,48°F,4
2011-01-24,70°F,42°F,3
2011-01-25,75°F,44°F,2
2011-01-26,78°F,45°F,3
2011-01-27,76°F,50°F,2
2011-01-28,72°F,43°F,6
2011-01-29,64°F,43°F,7
2011-01-30,60°F,51°F,4
2011-01-31,62°F,44°F,3
2011-02-01,63°F,44°F,2
2011-02-02,64°F,46°F,3
2011-02-03,62°F,38°F,3
2011-02-04,62°F,42°F,7
2011-02-05,69°F,42°F,8
2011-02-06,74°F,50°F,7
2011-02-07,75°F,47°F,6
2011-02-08,70°F,53°F,2
2011-02-09,71°F,48°F,2
2011-02-10,72°F,47°F,1
2011-02-11,76°F,41°F,5
2011-02-12,80°F,43°F,6
2011-02-13,69°F,45°F,3
2011-02-14,64°F,48°F,6
2011-02-15,64°F,54°F,1
2011-02-16,61°F,49°F,1
2011-02-17,59°F,42°F,1
2011-02-18,61°F,47°F,6
2011-02-19,56°F,46°F,10
2011-02-20,57°F,41°F,10
2011-02-21,59°F,41°F,10
2011-02-22,60°F,41°F,8
2011-02-23,59°F,43°F,8
2011-02-24,59°F,46°F,8
2011-02-25,57°F,51°F,10
2011-02-26,55°F,43°F,10
2011-02-27,60°F,35°F,5
2011-02-28,65°F,39°F,2
2011-03-01,64°F,41°F,2
2011-03-02,65°F,48°F,2
2011-03-03,68°F,51°F,2
2011-03-04,76°F,52°F,6
2011-03-05,79°F,49°F,6
2011-03-06,64°F,49°F,4
2011-03-07,67°F,54°F,2
2011-03-08,73°F,47°F,3
2011-03-09,78°F,48°F,2
2011-03-10,75°F,49°F,2
2011-03-11,68°F,49°F,6
2011-03-12,65°F,51°F,10
2011-03-13,69°F,49°F,9
2011-03-14,70°F,50°F,9
2011-03-15,71°F,53°F,8
2011-03-16,70°F,52°F,8
2011-03-17,71°F,53°F,8
2011-03-18,68°F,48°F,8
2011-03-19,61°F,54°F,10
2011-03-20,58°F,50°F,9
2011-03-21,58°F,46°F,8
2011-03-22,60°F,47°F,8
2011-03-23,61°F,44°F,8
2011-03-24,60°F,42°F,8
2011-03-25,62°F,52°F,9
2011-03-26,62°F,49°F,10
2011-03-27,63°F,52°F,9
2011-03-28,68°F,50°F,9
2011-03-29,76°F,50°F,8
2011-03-30,79°F,54°F,8
2011-03-31,82°F,54°F,8
2011-04-01,82°F,58°F,8
2011-04-02,67°F,58°F,10
2011-04-03,75°F,57°F,8
2011-04-04,80°F,52°F,9
2011-04-05,71°F,56°F,8
2011-04-06,68°F,56°F,9
2011-04-07,64°F,52°F,8
2011-04-08,57°F,47°F,8
2011-04-09,64°F,42°F,10
2011-04-10,70°F,48°F,8
2011-04-11,74°F,49°F,9
2011-04-12,67°F,52°F,9
2011-04-13,72°F,54°F,9
2011-04-14,81°F,49°F,9
2011-04-15,86°F,52°F,9
2011-04-16,86°F,56°F,10
2011-04-17,71°F,57°F,10
2011-04-18,66°F,58°F,10
2011-04-19,68°F,57°F,10
2011-04-20,69°F,58°F,10
2011-04-21,68°F,56°F,10
2011-04-22,67°F,57°F,10
2011-04-23,68°F,56°F,10
2011-04-24,71°F,56°F,10
2011-04-25,72°F,54°F,10
2011-04-26,80°F,56°F,10
2011-04-27,84°F,52°F,10
2011-04-28,77°F,55°F,4
2011-04-29,77°F,55°F,6
2011-04-30,81°F,53°F,6
2011-05-01,83°F,52°F,5
2011-05-02,88°F,53°F,2
2011-05-03,92°F,55°F,1
2011-05-04,85°F,56°F,1
2011-05-05,78°F,56°F,2
2011-05-06,71°F,58°F,4
2011-05-07,68°F,58°F,2
2011-05-08,67°F,57°F,7
2011-05-09,66°F,56°F,1
2011-05-10,68°F,52°F,1
2011-05-11,75°F,53°F,1
2011-05-12,77°F,55°F,1
2011-05-13,71°F,57°F,4
2011-05-14,66°F,60°F,6
2011-05-15,66°F,55°F,6
2011-05-16,65°F,49°F,3
2011-05-17,65°F,52°F,3
2011-05-18,66°F,53°F,3
2011-05-19,68°F,52°F,3
2011-05-20,70°F,53°F,5
2011-05-21,71°F,55°F,7
2011-05-22,69°F,59°F,6
2011-05-23,68°F,58°F,3
2011-05-24,72°F,55°F,3
2011-05-25,74°F,55°F,3
2011-05-26,73°F,56°F,2
2011-05-27,75°F,57°F,8
2011-05-28,70°F,58°F,9
2011-05-29,72°F,55°F,8
2011-05-30,76°F,51°F,8
2011-05-31,75°F,51°F,8
2011-06-01,71°F,52°F,4
2011-06-02,73°F,52°F,3
2011-06-03,73°F,54°F,5
2011-06-04,71°F,58°F,6
2011-06-05,73°F,54°F,5
2011-06-06,72°F,56°F,6
2011-06-07,71°F,55°F,6
2011-06-08,70°F,59°F,4
2011-06-09,69°F,60°F,4
2011-06-10,70°F,60°F,6
2011-06-11,71°F,59°F,7
2011-06-12,71°F,58°F,6
2011-06-13,74°F,60°F,6
2011-06-14,74°F,60°F,6
2011-06-15,72°F,60°F,6
2011-06-16,70°F,60°F,2
2011-06-17,73°F,61°F,4
2011-06-18,75°F,61°F,5
2011-06-19,75°F,60°F,7
2011-06-20,77°F,60°F,5
2011-06-21,79°F,63°F,5
2011-06-22,77°F,61°F,6
2011-06-23,73°F,61°F,5
2011-06-24,75°F,62°F,6
2011-06-25,76°F,62°F,8
2011-06-26,76°F,59°F,8
2011-06-27,77°F,59°F,8
2011-06-28,76°F,63°F,9
2011-06-29,79°F,63°F,9
2011-06-30,85°F,59°F,9
2011-07-01,89°F,62°F,8
2011-07-02,85°F,62°F,9
2011-07-03,80°F,64°F,9
2011-07-04,86°F,65°F,9
2011-07-05,87°F,68°F,9
2011-07-06,89°F,70°F,9
2011-07-07,88°F,68°F,8
2011-07-08,82°F,66°F,8
2011-07-09,79°F,64°F,9
2011-07-10,76°F,65°F,8
2011-07-11,76°F,66°F,8
2011-07-12,77°F,66°F,8
2011-07-13,76°F,64°F,9
2011-07-14,74°F,64°F,8
2011-07-15,76°F,64°F,9
2011-07-16,80°F,63°F,9
2011-07-17,82°F,60°F,9
2011-07-18,85°F,62°F,9
2011-07-19,83°F,63°F,9
2011-07-20,78°F,63°F,9
2011-07-21,76°F,62°F,9
2011-07-22,77°F,63°F,10
2011-07-23,79°F,63°F,10
2011-07-24,84°F,61°F,10
2011-07-25,85°F,66°F,10
2011-07-26,79°F,65°F,10
2011-07-27,75°F,64°F,10
2011-07-28,77°F,64°F,10
2011-07-29,78°F,66°F,10
2011-07-30,80°F,64°F,10
2011-07-31,84°F,65°F,10
2011-08-01,87°F,65°F,10
2011-08-02,88°F,64°F,10
2011-08-03,83°F,62°F,10
2011-08-04,80°F,58°F,10
2011-08-05,78°F,60°F,10
2011-08-06,79°F,62°F,10
2011-08-07,77°F,61°F,9
2011-08-08,76°F,62°F,10
2011-08-09,76°F,62°F,9
2011-08-10,75°F,63°F,9
2011-08-11,75°F,64°F,9
2011-08-12,76°F,65°F,9
2011-08-13,77°F,64°F,9
2011-08-14,80°F,64°F,9
2011-08-15,82°F,63°F,9
2011-08-16,83°F,64°F,8
2011-08-17,82°F,63°F,8
2011-08-18,80°F,64°F,8
2011-08-19,76°F,64°F,8
2011-08-20,76°F,65°F,8
2011-08-21,81°F,64°F,8
2011-08-22,84°F,62°F,5
2011-08-23,86°F,63°F,5
2011-08-24,87°F,65°F,5
2011-08-25,90°F,65°F,5
2011-08-26,92°F,67°F,6
2011-08-27,92°F,68°F,6
2011-08-28,86°F,68°F,6
2011-08-29,84°F,66°F,4
2011-08-30,81°F,65°F,3
2011-08-31,79°F,63°F,4
2011-09-01,79°F,62°F,3
2011-09-02,78°F,59°F,4
2011-09-03,81°F,58°F,4
2011-09-04,84°F,60°F,5
2011-09-05,92°F,66°F,6
2011-09-06,94°F,66°F,1
2011-09-07,96°F,70°F,1
2011-09-08,92°F,68°F,1
2011-09-09,76°F,62°F,4
2011-09-10,76°F,64°F,5
2011-09-11,80°F,64°F,4
2011-09-12,82°F,59°F,2
2011-09-13,79°F,64°F,2
2011-09-14,76°F,64°F,2
2011-09-15,75°F,65°F,2
2011-09-16,73°F,65°F,7
2011-09-17,78°F,63°F,7
2011-09-18,80°F,59°F,7
2011-09-19,80°F,60°F,3
2011-09-20,76°F,63°F,3
2011-09-21,76°F,63°F,3
2011-09-22,82°F,60°F,4
2011-09-23,78°F,61°F,8
2011-09-24,72°F,64°F,7
2011-09-25,73°F,64°F,8
2011-09-26,76°F,63°F,3
2011-09-27,84°F,59°F,2
2011-09-28,76°F,65°F,2
2011-09-29,79°F,60°F,2
2011-09-30,80°F,62°F,3
2011-10-01,87°F,60°F,6
2011-10-02,84°F,63°F,6
2011-10-03,77°F,61°F,2
2011-10-04,69°F,62°F,2
2011-10-05,66°F,59°F,2
2011-10-06,70°F,50°F,3
2011-10-07,77°F,52°F,6
2011-10-08,80°F,51°F,7
2011-10-09,82°F,53°F,7
2011-10-10,78°F,55°F,7
2011-10-11,97°F,57°F,2
2011-10-12,101°F,60°F,2
2011-10-13,94°F,62°F,4
2011-10-14,80°F,60°F,3
2011-10-15,76°F,62°F,6
2011-10-16,77°F,59°F,5
2011-10-17,75°F,57°F,2
2011-10-18,73°F,60°F,2
2011-10-19,70°F,60°F,3
2011-10-20,70°F,60°F,2
2011-10-21,72°F,60°F,4
2011-10-22,76°F,54°F,6
2011-10-23,72°F,57°F,6
2011-10-24,69°F,60°F,2
2011-10-25,68°F,61°F,2
2011-10-26,74°F,57°F,3
2011-10-27,77°F,50°F,2
2011-10-28,81°F,47°F,3
2011-10-29,77°F,48°F,5
2011-10-30,80°F,49°F,4
2011-10-31,76°F,52°F,2
2011-11-01,80°F,55°F,1
2011-11-02,83°F,53°F,1
2011-11-03,71°F,49°F,1
2011-11-04,62°F,52°F,4
2011-11-05,63°F,44°F,4
2011-11-06,62°F,46°F,5
2011-11-07,67°F,43°F,2
2011-11-08,73°F,44°F,3
2011-11-09,76°F,46°F,4
2011-11-10,76°F,52°F,2
2011-11-11,73°F,57°F,7
2011-11-12,69°F,54°F,8
2011-11-13,73°F,52°F,5
2011-11-14,66°F,49°F,2
2011-11-15,68°F,54°F,2
2011-11-16,69°F,53°F,2
2011-11-17,68°F,49°F,2
2011-11-18,61°F,55°F,7
2011-11-19,64°F,51°F,6
2011-11-20,61°F,50°F,6
2011-11-21,65°F,46°F,7
2011-11-22,70°F,44°F,10
2011-11-23,66°F,45°F,10
2011-11-24,64°F,51°F,9
2011-11-25,78°F,47°F,10
2011-11-26,83°F,44°F,10
2011-11-27,85°F,51°F,10
2011-11-28,77°F,51°F,3
2011-11-29,77°F,52°F,2
2011-11-30,66°F,49°F,3
2011-12-01,69°F,52°F,3
2011-12-02,66°F,46°F,7
2011-12-03,66°F,46°F,7
2011-12-04,64°F,39°F,7
2011-12-05,66°F,41°F,4
2011-12-06,66°F,39°F,5
2011-12-07,70°F,39°F,5
2011-12-08,65°F,40°F,6
2011-12-09,70°F,41°F,8
2011-12-10,68°F,43°F,7
2011-12-11,60°F,47°F,8
2011-12-12,59°F,50°F,3
2011-12-13,62°F,49°F,3
2011-12-14,62°F,46°F,7
2011-12-15,69°F,43°F,7
2011-12-16,70°F,44°F,7
2011-12-17,66°F,53°F,7
2011-12-18,62°F,48°F,7
2011-12-19,64°F,50°F,7
2011-12-20,66°F,45°F,7
2011-12-21,63°F,42°F,7
2011-12-22,66°F,45°F,10
2011-12-23,71°F,37°F,10
2011-12-24,74°F,38°F,10
2011-12-25,75°F,40°F,10
2011-12-26,71°F,42°F,10
2011-12-27,70°F,40°F,10
2011-12-28,75°F,40°F,10
2011-12-29,72°F,44°F,10
2011-12-30,65°F,46°F,10
2011-12-31,70°F,45°F,10
2012-01-01,80°F,45°F,10
2012-01-02,79°F,46°F,10
2012-01-03,77°F,47°F,8
2012-01-04,85°F,46°F,8
2012-01-05,83°F,50°F,8
2012-01-06,71°F,47°F,9
2012-01-07,63°F,50°F,9
2012-01-08,74°F,48°F,6
2012-01-09,76°F,44°F,3
2012-01-10,70°F,46°F,2
2012-01-11,66°F,47°F,2
2012-01-12,73°F,52°F,1
2012-01-13,79°F,43°F,6
2012-01-14,67°F,42°F,7
2012-01-15,64°F,42°F,7
2012-01-16,59°F,49°F,7
2012-01-17,60°F,42°F,3
2012-01-18,66°F,39°F,3
2012-01-19,64°F,40°F,3
2012-01-20,64°F,47°F,5
2012-01-21,64°F,50°F,5
2012-01-22,62°F,47°F,4
2012-01-23,57°F,49°F,3
2012-01-24,70°F,44°F,3
2012-01-25,82°F,48°F,3
2012-01-26,79°F,48°F,3
2012-01-27,80°F,49°F,5
2012-01-28,80°F,58°F,7
2012-01-29,80°F,48°F,6
2012-01-30,68°F,45°F,3
2012-01-31,65°F,47°F,3
2012-02-01,67°F,48°F,3
2012-02-02,68°F,46°F,3
2012-02-03,73°F,49°F,8
2012-02-04,73°F,46°F,0
2012-02-05,75°F,46°F,0
2012-02-06,71°F,48°F,0
2012-02-07,63°F,55°F,0
2012-02-08,77°F,48°F,0
2012-02-09,82°F,49°F,0
2012-02-10,70°F,48°F,0
2012-02-11,64°F,55°F,0
2012-02-12,64°F,52°F,0
2012-02-13,62°F,51°F,0
2012-02-14,61°F,42°F,3
2012-02-15,59°F,44°F,1
2012-02-16,71°F,41°F,1
2012-02-17,71°F,46°F,6
2012-02-18,63°F,45°F,9
2012-02-19,62°F,47°F,9
2012-02-20,64°F,47°F,9
2012-02-21,75°F,43°F,7
2012-02-22,78°F,48°F,7
2012-02-23,76°F,48°F,7
2012-02-24,68°F,53°F,9
2012-02-25,66°F,53°F,9
2012-02-26,64°F,53°F,6
2012-02-27,57°F,50°F,2
2012-02-28,58°F,43°F,3
2012-02-29,61°F,42°F,9
2012-03-01,61°F,49°F,3
2012-03-02,74°F,47°F,6
2012-03-03,81°F,47°F,7
2012-03-04,89°F,50°F,7
2012-03-05,78°F,53°F,3
2012-03-06,61°F,51°F,3
2012-03-07,64°F,46°F,3
2012-03-08,78°F,42°F,2
2012-03-09,86°F,48°F,6
2012-03-10,74°F,48°F,10
2012-03-11,64°F,54°F,9
2012-03-12,65°F,54°F,10
2012-03-13,65°F,52°F,9
2012-03-14,66°F,49°F,9
2012-03-15,64°F,54°F,9
2012-03-16,61°F,55°F,9
2012-03-17,57°F,48°F,9
2012-03-18,57°F,46°F,9
2012-03-19,60°F,47°F,9
2012-03-20,68°F,44°F,9
2012-03-21,76°F,47°F,9
2012-03-22,68°F,50°F,9
2012-03-23,65°F,54°F,10
2012-03-24,65°F,53°F,10
2012-03-25,62°F,51°F,10
2012-03-26,62°F,50°F,10
2012-03-27,67°F,46°F,10
2012-03-28,69°F,47°F,10
2012-03-29,66°F,56°F,10
2012-03-30,65°F,56°F,10
2012-03-31,64°F,55°F,10
2012-04-01,71°F,48°F,6
2012-04-02,77°F,48°F,7
2012-04-03,74°F,50°F,6
2012-04-04,71°F,52°F,10
2012-04-05,66°F,53°F,10
2012-04-06,74°F,46°F,10
2012-04-07,84°F,49°F,10
2012-04-08,80°F,48°F,10
2012-04-09,77°F,48°F,10
2012-04-10,66°F,50°F,10
2012-04-11,64°F,54°F,10
2012-04-12,65°F,50°F,6
2012-04-13,59°F,53°F,7
2012-04-14,64°F,45°F,6
2012-04-15,67°F,49°F,6
2012-04-16,79°F,50°F,5
2012-04-17,81°F,53°F,5
2012-04-18,73°F,54°F,5
2012-04-19,72°F,57°F,5
2012-04-20,75°F,57°F,7
2012-04-21,73°F,60°F,7
2012-04-22,67°F,59°F,7
2012-04-23,65°F,57°F,4
2012-04-24,73°F,56°F,4
2012-04-25,83°F,60°F,4
2012-04-26,70°F,60°F,3
2012-04-27,70°F,57°F,6
2012-04-28,77°F,55°F,6
2012-04-29,72°F,57°F,6
2012-04-30,69°F,62°F,3
2012-05-01,65°F,60°F,2
2012-05-02,66°F,59°F,2
2012-05-03,69°F,60°F,1
2012-05-04,71°F,56°F,5
2012-05-05,72°F,55°F,2
2012-05-06,70°F,59°F,4
2012-05-07,74°F,58°F,1
2012-05-08,78°F,60°F,1
2012-05-09,75°F,57°F,2
2012-05-10,72°F,61°F,2
2012-05-11,72°F,59°F,5
2012-05-12,75°F,61°F,5
2012-05-13,75°F,59°F,6
2012-05-14,79°F,56°F,3
2012-05-15,75°F,55°F,3
2012-05-16,79°F,59°F,3
2012-05-17,72°F,61°F,3
2012-05-18,73°F,61°F,5
2012-05-19,75°F,60°F,6
2012-05-20,81°F,61°F,6
2012-05-21,79°F,61°F,3
2012-05-22,74°F,61°F,3
2012-05-23,73°F,62°F,3
2012-05-24,70°F,63°F,3
2012-05-25,68°F,57°F,8
2012-05-26,68°F,54°F,8
2012-05-27,75°F,53°F,8
2012-05-28,79°F,58°F,8
2012-05-29,77°F,60°F,8
2012-05-30,74°F,61°F,5
2012-05-31,79°F,62°F,5
2012-06-01,72°F,62°F,5
2012-06-02,74°F,62°F,6
2012-06-03,72°F,63°F,6
2012-06-04,71°F,63°F,6
2012-06-05,74°F,62°F,6
2012-06-06,80°F,57°F,6
2012-06-07,78°F,59°F,6
2012-06-08,74°F,61°F,6
2012-06-09,71°F,61°F,6
2012-06-10,74°F,61°F,6
2012-06-11,75°F,60°F,6
2012-06-12,76°F,62°F,5
2012-06-13,71°F,62°F,5
2012-06-14,73°F,61°F,10
2012-06-15,71°F,62°F,10
2012-06-16,75°F,63°F,10
2012-06-17,83°F,61°F,10
2012-06-18,77°F,63°F,10
2012-06-19,75°F,62°F,10
2012-06-20,75°F,61°F,10
2012-06-21,75°F,63°F,10
2012-06-22,77°F,62°F,10
2012-06-23,77°F,61°F,10
2012-06-24,80°F,60°F,10
2012-06-25,79°F,58°F,10
2012-06-26,80°F,57°F,10
2012-06-27,82°F,59°F,10
2012-06-28,80°F,59°F,10
2012-06-29,83°F,62°F,10
2012-06-30,79°F,60°F,10
2012-07-01,77°F,64°F,10
2012-07-02,75°F,64°F,10
2012-07-03,74°F,63°F,10
2012-07-04,71°F,64°F,10
2012-07-05,74°F,64°F,10
2012-07-06,79°F,64°F,10
2012-07-07,78°F,61°F,10
2012-07-08,82°F,59°F,10
2012-07-09,86°F,61°F,10
2012-07-10,87°F,64°F,10
2012-07-11,86°F,63°F,10
2012-07-12,78°F,65°F,10
2012-07-13,88°F,68°F,10
2012-07-14,79°F,65°F,10
2012-07-15,74°F,64°F,10
2012-07-16,74°F,63°F,10
2012-07-17,76°F,64°F,10
2012-07-18,84°F,62°F,10
2012-07-19,86°F,66°F,10
2012-07-20,87°F,67°F,10
2012-07-21,85°F,66°F,10
2012-07-22,80°F,65°F,10
2012-07-23,80°F,65°F,10
2012-07-24,78°F,64°F,10
2012-07-25,78°F,61°F,10
2012-07-26,79°F,61°F,10
2012-07-27,78°F,61°F,10
2012-07-28,81°F,58°F,10
2012-07-29,78°F,61°F,10
2012-07-30,77°F,64°F,10
2012-07-31,78°F,65°F,10
2012-08-01,82°F,65°F,10
2012-08-02,79°F,64°F,10
2012-08-03,77°F,65°F,10
2012-08-04,78°F,66°F,10
2012-08-05,85°F,63°F,10
2012-08-06,89°F,65°F,10
2012-08-07,88°F,68°F,10
2012-08-08,90°F,70°F,10
2012-08-09,89°F,69°F,10
2012-08-10,93°F,71°F,10
2012-08-11,90°F,71°F,10
2012-08-12,96°F,73°F,10
2012-08-13,90°F,72°F,9
2012-08-14,90°F,71°F,9
2012-08-15,82°F,68°F,9
2012-08-16,92°F,68°F,9
2012-08-17,96°F,72°F,9
2012-08-18,89°F,72°F,9
2012-08-19,89°F,72°F,9
2012-08-20,87°F,71°F,7
2012-08-21,82°F,70°F,7
2012-08-22,81°F,71°F,8
2012-08-23,82°F,70°F,8
2012-08-24,78°F,69°F,8
2012-08-25,78°F,67°F,7
2012-08-26,84°F,67°F,7
2012-08-27,92°F,62°F,5
2012-08-28,93°F,67°F,5
2012-08-29,87°F,71°F,5
2012-08-30,89°F,72°F,5
2012-08-31,87°F,69°F,5
2012-09-01,89°F,63°F,6
2012-09-02,88°F,59°F,7
2012-09-03,88°F,63°F,7
2012-09-04,94°F,68°F,2
2012-09-05,88°F,72°F,2
2012-09-06,87°F,69°F,2
2012-09-07,88°F,69°F,6
2012-09-08,86°F,68°F,6
2012-09-09,91°F,70°F,5
2012-09-10,87°F,73°F,3
2012-09-11,80°F,71°F,2
2012-09-12,85°F,71°F,3
2012-09-13,89°F,68°F,2
2012-09-14,102°F,66°F,8
2012-09-15,102°F,70°F,7
2012-09-16,84°F,68°F,8
2012-09-17,82°F,68°F,4
2012-09-18,85°F,63°F,3
2012-09-19,88°F,65°F,3
2012-09-20,88°F,65°F,1
2012-09-21,87°F,66°F,7
2012-09-22,93°F,68°F,8
2012-09-23,92°F,68°F,7
2012-09-24,84°F,67°F,2
2012-09-25,78°F,64°F,2
2012-09-26,80°F,63°F,2
2012-09-27,82°F,63°F,1
2012-09-28,87°F,64°F,4
2012-09-29,90°F,64°F,7
2012-09-30,93°F,64°F,8
2012-10-01,98°F,65°F,1
2012-10-02,89°F,67°F,1
2012-10-03,82°F,66°F,1
2012-10-04,77°F,66°F,2
2012-10-05,77°F,64°F,6
2012-10-06,79°F,63°F,8
2012-10-07,79°F,65°F,9
2012-10-08,77°F,65°F,8
2012-10-09,76°F,64°F,3
2012-10-10,75°F,61°F,2
2012-10-11,70°F,60°F,2
2012-10-12,73°F,57°F,4
2012-10-13,78°F,57°F,10
2012-10-14,93°F,59°F,6
2012-10-15,87°F,62°F,2
2012-10-16,87°F,63°F,2
2012-10-17,94°F,63°F,4
2012-10-18,79°F,70°F,3
2012-10-19,79°F,65°F,6
2012-10-20,72°F,66°F,8
2012-10-21,74°F,65°F,9
2012-10-22,71°F,64°F,2
2012-10-23,72°F,61°F,2
2012-10-24,74°F,57°F,3
2012-10-25,79°F,54°F,2
2012-10-26,89°F,58°F,5
2012-10-27,91°F,58°F,8
2012-10-28,82°F,57°F,8
2012-10-29,82°F,54°F,2
2012-10-30,76°F,54°F,1
2012-10-31,72°F,59°F,1
2012-11-01,70°F,59°F,1
2012-11-02,71°F,57°F,5
2012-11-03,79°F,54°F,7
2012-11-04,92°F,54°F,7
2012-11-05,92°F,58°F,4
2012-11-06,80°F,57°F,6
2012-11-07,73°F,61°F,6
2012-11-08,69°F,61°F,3
2012-11-09,65°F,55°F,8
2012-11-10,65°F,46°F,9
2012-11-11,67°F,43°F,8
2012-11-12,76°F,47°F,7
2012-11-13,82°F,46°F,1
2012-11-14,74°F,50°F,1
2012-11-15,68°F,54°F,1
2012-11-16,73°F,58°F,6
2012-11-17,70°F,61°F,9
2012-11-18,71°F,57°F,8
2012-11-19,72°F,52°F,8
2012-11-20,73°F,50°F,10
2012-11-21,68°F,55°F,10
2012-11-22,71°F,54°F,10
2012-11-23,74°F,54°F,10
2012-11-24,80°F,52°F,10
2012-11-25,66°F,56°F,10
2012-11-26,67°F,55°F,2
2012-11-27,69°F,51°F,1
2012-11-28,67°F,57°F,2
2012-11-29,65°F,59°F,2
2012-11-30,66°F,62°F,8
2012-12-01,68°F,59°F,9
2012-12-02,67°F,62°F,9
2012-12-03,69°F,59°F,5
2012-12-04,69°F,56°F,5
2012-12-05,66°F,54°F,5
2012-12-06,68°F,57°F,6
2012-12-07,66°F,53°F,9
2012-12-08,66°F,53°F,9
2012-12-09,67°F,54°F,9
2012-12-10,76°F,48°F,6
2012-12-11,69°F,48°F,5
2012-12-12,63°F,54°F,7
2012-12-13,61°F,51°F,6
2012-12-14,59°F,44°F,8
2012-12-15,61°F,47°F,9
2012-12-16,57°F,54°F,9
2012-12-17,64°F,55°F,8
2012-12-18,62°F,50°F,8
2012-12-19,61°F,39°F,8
2012-12-20,68°F,43°F,9
2012-12-21,65°F,39°F,8
2012-12-22,62°F,41°F,10
2012-12-23,62°F,53°F,10
2012-12-24,64°F,51°F,8
2012-12-25,62°F,49°F,10
2012-12-26,62°F,49°F,10
2012-12-27,63°F,42°F,10
2012-12-28,63°F,41°F,10
2012-12-29,54°F,44°F,10
2012-12-30,62°F,39°F,10
2012-12-31,60°F,43°F,10
2013-01-01,60°F,43°F,9
2013-01-02,68°F,43°F,10
2013-01-03,69°F,39°F,8
2013-01-04,66°F,39°F,8
2013-01-05,63°F,38°F,8
2013-01-06,58°F,47°F,9
2013-01-07,65°F,41°F,8
2013-01-08,67°F,41°F,7
2013-01-09,66°F,45°F,8
2013-01-10,60°F,48°F,7
2013-01-11,56°F,40°F,8
2013-01-12,56°F,35°F,8
2013-01-13,56°F,35°F,8
2013-01-14,56°F,42°F,3
2013-01-15,61°F,34°F,2
2013-01-16,69°F,37°F,2
2013-01-17,79°F,42°F,1
2013-01-18,80°F,46°F,8
2013-01-19,79°F,44°F,9
2013-01-20,80°F,44°F,10
2013-01-21,81°F,43°F,9
2013-01-22,81°F,42°F,4
2013-01-23,74°F,52°F,5
2013-01-24,68°F,55°F,4
2013-01-25,67°F,60°F,5
2013-01-26,66°F,57°F,8
2013-01-27,61°F,51°F,6
2013-01-28,61°F,42°F,2
2013-01-29,59°F,41°F,2
2013-01-30,68°F,43°F,2
2013-01-31,78°F,45°F,2
2013-02-01,72°F,47°F,5
2013-02-02,73°F,54°F,5
2013-02-03,73°F,54°F,8
2013-02-04,65°F,50°F,4
2013-02-05,59°F,54°F,2
2013-02-06,63°F,51°F,2
2013-02-07,61°F,45°F,3
2013-02-08,54°F,45°F,6
2013-02-09,57°F,38°F,8
2013-02-10,56°F,42°F,7
2013-02-11,62°F,41°F,5
2013-02-12,62°F,41°F,4
2013-02-13,66°F,41°F,2
2013-02-14,72°F,42°F,5
2013-02-15,82°F,49°F,8
2013-02-16,82°F,47°F,9
2013-02-17,66°F,47°F,10
2013-02-18,62°F,53°F,10
2013-02-19,57°F,47°F,8
2013-02-20,60°F,43°F,8
2013-02-21,63°F,44°F,8
2013-02-22,64°F,41°F,9
2013-02-23,63°F,42°F,10
2013-02-24,70°F,47°F,7
2013-02-25,67°F,43°F,2
2013-02-26,69°F,41°F,3
2013-02-27,77°F,46°F,2
2013-02-28,81°F,45°F,2
2013-03-01,87°F,48°F,7
2013-03-02,83°F,52°F,9
2013-03-03,68°F,53°F,7
2013-03-04,67°F,54°F,2
2013-03-05,62°F,52°F,2
2013-03-06,64°F,50°F,2
2013-03-07,61°F,55°F,2
2013-03-08,57°F,49°F,9
2013-03-09,63°F,50°F,8
2013-03-10,74°F,45°F,9
2013-03-11,73°F,46°F,8
2013-03-12,76°F,48°F,8
2013-03-13,76°F,50°F,8
2013-03-14,78°F,52°F,6
2013-03-15,69°F,55°F,8
2013-03-16,66°F,53°F,8
2013-03-17,67°F,55°F,8
2013-03-18,64°F,56°F,8
2013-03-19,67°F,52°F,8
2013-03-20,70°F,52°F,8
2013-03-21,70°F,54°F,8
2013-03-22,69°F,53°F,8
2013-03-23,70°F,53°F,9
2013-03-24,74°F,55°F,9
2013-03-25,73°F,54°F,10
2013-03-26,69°F,56°F,5
2013-03-27,68°F,56°F,10
2013-03-28,73°F,57°F,10
2013-03-29,71°F,57°F,9
2013-03-30,69°F,58°F,9
2013-03-31,69°F,57°F,10
2013-04-01,68°F,56°F,9
2013-04-02,70°F,56°F,10
2013-04-03,74°F,56°F,8
2013-04-04,73°F,59°F,7
2013-04-05,69°F,59°F,8
2013-04-06,71°F,59°F,8
2013-04-07,71°F,57°F,8
2013-04-08,69°F,57°F,7
2013-04-09,75°F,52°F,7
2013-04-10,81°F,50°F,8
2013-04-11,73°F,54°F,7
2013-04-12,72°F,58°F,7
2013-04-13,63°F,57°F,8
2013-04-14,63°F,56°F,7
2013-04-15,66°F,57°F,3
2013-04-16,66°F,52°F,5
2013-04-17,73°F,53°F,3
2013-04-18,80°F,51°F,7
2013-04-19,87°F,50°F,7
2013-04-20,79°F,54°F,8
2013-04-21,75°F,56°F,7
2013-04-22,71°F,58°F,8
2013-04-23,73°F,58°F,8
2013-04-24,64°F,60°F,7
2013-04-25,72°F,59°F,8
2013-04-26,77°F,55°F,6
2013-04-27,76°F,55°F,7
2013-04-28,74°F,59°F,6
2013-04-29,70°F,58°F,3
2013-04-30,68°F,60°F,4
2013-05-01,76°F,61°F,2
2013-05-02,92°F,58°F,2
2013-05-03,91°F,58°F,7
2013-05-04,72°F,60°F,7
2013-05-05,68°F,60°F,8
2013-05-06,68°F,59°F,3
2013-05-07,71°F,58°F,2
2013-05-08,72°F,59°F,2
2013-05-09,72°F,57°F,2
2013-05-10,78°F,59°F,7
2013-05-11,81°F,61°F,7
2013-05-12,87°F,62°F,8
2013-05-13,96°F,65°F,5
2013-05-14,80°F,62°F,5
2013-05-15,73°F,61°F,5
2013-05-16,74°F,62°F,5
2013-05-17,72°F,62°F,6
2013-05-18,74°F,61°F,7
2013-05-19,75°F,61°F,7
2013-05-20,80°F,60°F,5
2013-05-21,77°F,64°F,5
2013-05-22,74°F,64°F,5
2013-05-23,72°F,60°F,5
2013-05-24,72°F,62°F,10
2013-05-25,74°F,59°F,9
2013-05-26,71°F,59°F,9
2013-05-27,75°F,61°F,9
2013-05-28,75°F,63°F,9
2013-05-29,79°F,62°F,6
2013-05-30,77°F,63°F,6
2013-05-31,80°F,64°F,6
2013-06-01,81°F,65°F,0
2013-06-02,72°F,64°F,6
2013-06-03,74°F,64°F,6
2013-06-04,74°F,63°F,6
2013-06-05,76°F,63°F,6
2013-06-06,74°F,62°F,6
2013-06-07,75°F,62°F,8
2013-06-08,72°F,63°F,8
2013-06-09,73°F,62°F,7
2013-06-10,77°F,62°F,7
2013-06-11,82°F,61°F,7
2013-06-12,72°F,65°F,7
2013-06-13,76°F,64°F,7
2013-06-14,74°F,62°F,8
2013-06-15,75°F,62°F,8
2013-06-16,77°F,62°F,8
2013-06-17,77°F,62°F,7
2013-06-18,76°F,62°F,7
2013-06-19,80°F,63°F,8
2013-06-20,78°F,61°F,10
2013-06-21,78°F,62°F,9
2013-06-22,76°F,64°F,8
2013-06-23,74°F,65°F,7
2013-06-24,76°F,65°F,8
2013-06-25,78°F,64°F,8
2013-06-26,83°F,64°F,8
2013-06-27,85°F,66°F,8
2013-06-28,87°F,65°F,9
2013-06-29,89°F,68°F,9
2013-06-30,86°F,69°F,10
2013-07-01,91°F,68°F,10
2013-07-02,79°F,67°F,10
2013-07-03,82°F,67°F,10
2013-07-04,81°F,66°F,9
2013-07-05,79°F,66°F,10
2013-07-06,79°F,67°F,10
2013-07-07,83°F,68°F,10
2013-07-08,89°F,64°F,10
2013-07-09,81°F,66°F,10
2013-07-10,79°F,68°F,10
2013-07-11,75°F,70°F,10
2013-07-12,84°F,68°F,9
2013-07-13,82°F,66°F,9
2013-07-14,84°F,66°F,10
2013-07-15,85°F,67°F,10
2013-07-16,84°F,62°F,10
2013-07-17,88°F,62°F,10
2013-07-18,82°F,63°F,10
2013-07-19,78°F,64°F,10
2013-07-20,75°F,66°F,9
2013-07-21,72°F,66°F,10
2013-07-22,83°F,67°F,9
2013-07-23,82°F,67°F,9
2013-07-24,83°F,65°F,9
2013-07-25,80°F,64°F,9
2013-07-26,83°F,67°F,9
2013-07-27,78°F,65°F,9
2013-07-28,77°F,64°F,9
2013-07-29,77°F,65°F,9
2013-07-30,79°F,62°F,9
2013-07-31,77°F,63°F,9
2013-08-01,77°F,63°F,10
2013-08-02,79°F,64°F,10
2013-08-03,78°F,65°F,9
2013-08-04,79°F,64°F,10
2013-08-05,79°F,62°F,10
2013-08-06,78°F,63°F,10
2013-08-07,77°F,62°F,10
2013-08-08,78°F,61°F,10
2013-08-09,76°F,62°F,10
2013-08-10,76°F,63°F,9
2013-08-11,79°F,63°F,10
2013-08-12,78°F,64°F,10
2013-08-13,81°F,64°F,10
2013-08-14,79°F,65°F,10
2013-08-15,81°F,65°F,10
2013-08-16,84°F,65°F,10
2013-08-17,86°F,64°F,10
2013-08-18,78°F,64°F,10
2013-08-19,79°F,67°F,8
2013-08-20,85°F,65°F,8
2013-08-21,88°F,64°F,8
2013-08-22,91°F,65°F,8
2013-08-23,88°F,65°F,8
2013-08-24,81°F,62°F,9
2013-08-25,86°F,63°F,7
2013-08-26,91°F,67°F,8
2013-08-27,89°F,69°F,8
2013-08-28,93°F,69°F,8
2013-08-29,95°F,70°F,8
2013-08-30,94°F,76°F,8
2013-08-31,93°F,77°F,8
2013-09-01,92°F,74°F,8
2013-09-02,90°F,70°F,6
2013-09-03,93°F,73°F,5
2013-09-04,97°F,73°F,4
2013-09-05,96°F,72°F,4
2013-09-06,96°F,72°F,7
2013-09-07,95°F,71°F,7
2013-09-08,86°F,68°F,4
2013-09-09,81°F,67°F,1
2013-09-10,78°F,64°F,1
2013-09-11,78°F,63°F,1
2013-09-12,86°F,62°F,1
2013-09-13,84°F,63°F,6
2013-09-14,85°F,64°F,7
2013-09-15,89°F,66°F,6
2013-09-16,90°F,65°F,1
2013-09-17,77°F,64°F,1
2013-09-18,77°F,65°F,1
2013-09-19,78°F,64°F,1
2013-09-20,71°F,67°F,5
2013-09-21,76°F,64°F,6
2013-09-22,76°F,61°F,6
2013-09-23,92°F,59°F,1
2013-09-24,86°F,61°F,1
2013-09-25,75°F,64°F,1
2013-09-26,75°F,62°F,1
2013-09-27,85°F,56°F,5
2013-09-28,89°F,55°F,7
2013-09-29,85°F,56°F,7
2013-09-30,81°F,58°F,1
2013-10-01,78°F,59°F,1
2013-10-02,75°F,64°F,2
2013-10-03,74°F,63°F,1
2013-10-04,88°F,61°F,4
2013-10-05,92°F,67°F,7
2013-10-06,93°F,56°F,7
2013-10-07,82°F,59°F,1
2013-10-08,72°F,60°F,2
2013-10-09,65°F,56°F,1
2013-10-10,68°F,51°F,4
2013-10-11,74°F,52°F,6
2013-10-12,73°F,54°F,9
2013-10-13,70°F,59°F,9
2013-10-14,85°F,53°F,7
2013-10-15,86°F,55°F,5
2013-10-16,86°F,61°F,3
2013-10-17,80°F,54°F,5
2013-10-18,81°F,53°F,5
2013-10-19,79°F,54°F,8
2013-10-20,74°F,58°F,6
2013-10-21,73°F,58°F,2
2013-10-22,74°F,55°F,3
2013-10-23,68°F,58°F,2
2013-10-24,70°F,60°F,4
2013-10-25,73°F,58°F,5
2013-10-26,74°F,56°F,9
2013-10-27,70°F,58°F,8
2013-10-28,65°F,58°F,2
2013-10-29,67°F,53°F,4
2013-10-30,71°F,50°F,3
2013-10-31,79°F,49°F,2
2013-11-01,86°F,51°F,6
2013-11-02,79°F,53°F,9
2013-11-03,68°F,59°F,8
2013-11-04,67°F,56°F,3
2013-11-05,78°F,50°F,4
2013-11-06,81°F,49°F,2
2013-11-07,86°F,52°F,3
2013-11-08,75°F,50°F,8
2013-11-09,75°F,54°F,10
2013-11-10,81°F,50°F,10
2013-11-11,78°F,49°F,9
2013-11-12,76°F,53°F,5
2013-11-13,90°F,52°F,3
2013-11-14,88°F,55°F,3
2013-11-15,68°F,60°F,7
2013-11-16,66°F,57°F,8
2013-11-17,68°F,54°F,7
2013-11-18,68°F,52°F,4
2013-11-19,65°F,58°F,1
2013-11-20,65°F,56°F,1
2013-11-21,64°F,56°F,1
2013-11-22,62°F,54°F,6
2013-11-23,67°F,52°F,8
2013-11-24,68°F,47°F,8
2013-11-25,72°F,46°F,8
2013-11-26,76°F,48°F,10
2013-11-27,73°F,51°F,9
2013-11-28,72°F,49°F,10
2013-11-29,68°F,55°F,10
2013-11-30,76°F,53°F,10
2013-12-01,80°F,50°F,10
2013-12-02,72°F,48°F,1
2013-12-03,65°F,49°F,1
2013-12-04,61°F,47°F,1
2013-12-05,60°F,43°F,1
2013-12-06,59°F,45°F,7
2013-12-07,57°F,44°F,9
2013-12-08,55°F,37°F,8
2013-12-09,62°F,38°F,3
2013-12-10,69°F,43°F,3
2013-12-11,72°F,39°F,2
2013-12-12,66°F,44°F,3
2013-12-13,65°F,44°F,9
2013-12-14,75°F,42°F,9
2013-12-15,82°F,44°F,8
2013-12-16,81°F,51°F,2
2013-12-17,76°F,51°F,3
2013-12-18,69°F,54°F,6
2013-12-19,57°F,48°F,5
2013-12-20,61°F,42°F,10
2013-12-21,61°F,45°F,9
2013-12-22,68°F,43°F,8
2013-12-23,76°F,44°F,8
2013-12-24,77°F,47°F,5
2013-12-25,83°F,51°F,9
2013-12-26,82°F,47°F,10
2013-12-27,81°F,45°F,10
2013-12-28,70°F,50°F,10
2013-12-29,78°F,46°F,10
2013-12-30,74°F,42°F,10
2013-12-31,69°F,41°F,10
2014-01-01,70°F,43°F,10
2014-01-02,76°F,44°F,10
2014-01-03,66°F,46°F,10
2014-01-04,67°F,47°F,10
2014-01-05,78°F,44°F,9
2014-01-06,79°F,50°F,4
2014-01-07,68°F,45°F,5
2014-01-08,66°F,47°F,3
2014-01-09,63°F,49°F,4
2014-01-10,69°F,44°F,6
2014-01-11,72°F,45°F,8
2014-01-12,70°F,49°F,9
2014-01-13,82°F,48°F,4
2014-01-14,85°F,53°F,6
2014-01-15,87°F,51°F,5
2014-01-16,87°F,50°F,5
2014-01-17,86°F,50°F,6
2014-01-18,81°F,46°F,8
2014-01-19,77°F,45°F,9
2014-01-20,80°F,44°F,10
2014-01-21,73°F,48°F,6
2014-01-22,72°F,51°F,4
2014-01-23,67°F,50°F,4
2014-01-24,71°F,53°F,4
2014-01-25,73°F,56°F,6
2014-01-26,67°F,51°F,6
2014-01-27,69°F,51°F,4
2014-01-28,69°F,51°F,4
2014-01-29,71°F,54°F,3
2014-01-30,61°F,56°F,3
2014-01-31,63°F,56°F,5
2014-02-01,65°F,43°F,6
2014-02-02,62°F,44°F,4
2014-02-03,62°F,46°F,2
2014-02-04,62°F,48°F,2
2014-02-05,63°F,47°F,2
2014-02-06,60°F,52°F,3
2014-02-07,62°F,52°F,6
2014-02-08,65°F,51°F,8
2014-02-09,65°F,56°F,8
2014-02-10,67°F,53°F,6
2014-02-11,73°F,52°F,3
2014-02-12,76°F,50°F,5
2014-02-13,78°F,50°F,6
2014-02-14,76°F,48°F,7
2014-02-15,76°F,49°F,10
2014-02-16,71°F,53°F,10
2014-02-17,67°F,50°F,10
2014-02-18,67°F,56°F,8
2014-02-19,66°F,52°F,8
2014-02-20,81°F,48°F,8
2014-02-21,75°F,53°F,10
2014-02-22,72°F,49°F,10
2014-02-23,71°F,48°F,9
2014-02-24,71°F,49°F,4
2014-02-25,68°F,55°F,4
2014-02-26,66°F,56°F,3
2014-02-27,69°F,58°F,4
2014-02-28,63°F,57°F,8
2014-03-01,63°F,54°F,9
2014-03-02,61°F,54°F,8
2014-03-03,68°F,51°F,4
2014-03-04,65°F,53°F,4
2014-03-05,73°F,52°F,4
2014-03-06,68°F,58°F,3
2014-03-07,72°F,57°F,8
2014-03-08,84°F,52°F,8
2014-03-09,85°F,56°F,10
2014-03-10,77°F,55°F,6
2014-03-11,73°F,52°F,6
2014-03-12,78°F,53°F,6
2014-03-13,68°F,58°F,6
2014-03-14,71°F,52°F,10
2014-03-15,82°F,52°F,9
2014-03-16,90°F,54°F,9
2014-03-17,73°F,55°F,7
2014-03-18,72°F,56°F,7
2014-03-19,76°F,53°F,6
2014-03-20,72°F,56°F,7
2014-03-21,67°F,56°F,7
2014-03-22,66°F,58°F,8
2014-03-23,68°F,52°F,7
2014-03-24,67°F,58°F,5
2014-03-25,64°F,58°F,5
2014-03-26,67°F,56°F,5
2014-03-27,67°F,52°F,6
2014-03-28,69°F,54°F,6
2014-03-29,74°F,52°F,6
2014-03-30,72°F,57°F,6
2014-03-31,66°F,52°F,7
2014-04-01,64°F,53°F,7
2014-04-02,63°F,49°F,6
2014-04-03,67°F,47°F,7
2014-04-04,65°F,52°F,7
2014-04-05,68°F,52°F,7
2014-04-06,83°F,50°F,7
2014-04-07,85°F,54°F,5
2014-04-08,91°F,56°F,5
2014-04-09,86°F,56°F,5
2014-04-10,75°F,51°F,6
2014-04-11,78°F,56°F,8
2014-04-12,67°F,58°F,8
2014-04-13,67°F,57°F,9
2014-04-14,83°F,53°F,9
2014-04-15,74°F,57°F,10
2014-04-16,70°F,57°F,10
2014-04-17,68°F,59°F,10
2014-04-18,70°F,62°F,10
2014-04-19,75°F,56°F,10
2014-04-20,75°F,57°F,9
2014-04-21,78°F,59°F,8
2014-04-22,70°F,59°F,8
2014-04-23,72°F,55°F,8
2014-04-24,76°F,54°F,7
2014-04-25,69°F,57°F,6
2014-04-26,68°F,53°F,8
2014-04-27,69°F,54°F,8
2014-04-28,80°F,56°F,0
2014-04-29,94°F,59°F,0
2014-04-30,93°F,65°F,0
2014-05-01,95°F,65°F,0
2014-05-02,92°F,59°F,0
2014-05-03,86°F,61°F,0
2014-05-04,79°F,59°F,0
2014-05-05,70°F,60°F,0
2014-05-06,69°F,56°F,0
2014-05-07,69°F,56°F,0
2014-05-08,71°F,57°F,0
2014-05-09,71°F,56°F,0
2014-05-10,72°F,60°F,0
2014-05-11,81°F,56°F,0
2014-05-12,91°F,57°F,0
2014-05-13,96°F,60°F,0
2014-05-14,102°F,68°F,0
2014-05-15,101°F,65°F,0
2014-05-16,90°F,65°F,0
2014-05-17,79°F,63°F,0
2014-05-18,74°F,63°F,0
2014-05-19,72°F,62°F,0
2014-05-20,71°F,60°F,0
2014-05-21,72°F,58°F,0
2014-05-22,70°F,61°F,0
2014-05-23,72°F,62°F,10
2014-05-24,70°F,62°F,8
2014-05-25,77°F,64°F,10
2014-05-26,80°F,65°F,10
2014-05-27,79°F,65°F,7
2014-05-28,76°F,65°F,5
2014-05-29,76°F,64°F,5
2014-05-30,81°F,61°F,5
2014-05-31,80°F,61°F,6
2014-06-01,80°F,59°F,7
2014-06-02,78°F,60°F,7
2014-06-03,84°F,58°F,7
2014-06-04,81°F,58°F,7
2014-06-05,79°F,61°F,6
2014-06-06,74°F,61°F,6
2014-06-07,74°F,63°F,6
2014-06-08,78°F,63°F,7
2014-06-09,79°F,62°F,8
2014-06-10,72°F,65°F,8
2014-06-11,77°F,65°F,8
2014-06-12,78°F,63°F,8
2014-06-13,76°F,62°F,7
2014-06-14,78°F,63°F,7
2014-06-15,75°F,64°F,6
2014-06-16,76°F,65°F,8
2014-06-17,74°F,62°F,8
2014-06-18,74°F,61°F,8
2014-06-19,81°F,61°F,8
2014-06-20,80°F,61°F,7
2014-06-21,78°F,63°F,6
2014-06-22,77°F,65°F,7
2014-06-23,76°F,66°F,9
2014-06-24,78°F,65°F,8
2014-06-25,77°F,65°F,8
2014-06-26,77°F,66°F,8
2014-06-27,79°F,66°F,7
2014-06-28,78°F,67°F,5
2014-06-29,80°F,67°F,6
2014-06-30,77°F,66°F,8
2014-07-01,80°F,67°F,7
2014-07-02,79°F,66°F,7
2014-07-03,84°F,67°F,7
2014-07-04,84°F,67°F,6
2014-07-05,89°F,68°F,6
2014-07-06,89°F,69°F,7
2014-07-07,84°F,68°F,7
2014-07-08,82°F,67°F,8
2014-07-09,84°F,68°F,7
2014-07-10,83°F,68°F,7
2014-07-11,82°F,68°F,5
2014-07-12,80°F,66°F,5
2014-07-13,80°F,67°F,6
2014-07-14,79°F,69°F,7
2014-07-15,78°F,68°F,8
2014-07-16,81°F,68°F,7
2014-07-17,80°F,66°F,8
2014-07-18,80°F,64°F,7
2014-07-19,74°F,66°F,6
2014-07-20,81°F,67°F,7
2014-07-21,82°F,66°F,8
2014-07-22,87°F,65°F,8
2014-07-23,90°F,65°F,8
2014-07-24,92°F,66°F,8
2014-07-25,83°F,71°F,7
2014-07-26,83°F,69°F,6
2014-07-27,88°F,69°F,7
2014-07-28,89°F,71°F,7
2014-07-29,86°F,69°F,8
2014-07-30,87°F,68°F,8
2014-07-31,87°F,68°F,7
2014-08-01,83°F,69°F,6
2014-08-02,83°F,68°F,6
2014-08-03,85°F,73°F,7
2014-08-04,85°F,69°F,9
2014-08-05,85°F,63°F,9
2014-08-06,80°F,66°F,8
2014-08-07,79°F,65°F,8
2014-08-08,81°F,68°F,7
2014-08-09,81°F,68°F,5
2014-08-10,84°F,66°F,6
2014-08-11,84°F,67°F,7
2014-08-12,83°F,68°F,6
2014-08-13,82°F,67°F,5
2014-08-14,84°F,65°F,5
2014-08-15,91°F,65°F,3
2014-08-16,91°F,68°F,4
2014-08-17,86°F,68°F,4
2014-08-18,85°F,67°F,7
2014-08-19,79°F,70°F,7
2014-08-20,81°F,68°F,5
2014-08-21,84°F,67°F,5
2014-08-22,82°F,68°F,4
2014-08-23,81°F,66°F,4
2014-08-24,82°F,67°F,4
2014-08-25,83°F,66°F,2
2014-08-26,85°F,66°F,3
2014-08-27,92°F,67°F,3
2014-08-28,93°F,69°F,2
2014-08-29,85°F,67°F,2
2014-08-30,86°F,67°F,3
2014-08-31,84°F,70°F,2
2014-09-01,82°F,68°F,3
2014-09-02,83°F,69°F,1
2014-09-03,82°F,69°F,1
2014-09-04,81°F,68°F,1
2014-09-05,85°F,66°F,1
2014-09-06,91°F,67°F,2
2014-09-07,93°F,69°F,3
2014-09-08,87°F,74°F,1
2014-09-09,89°F,71°F,1
2014-09-10,90°F,65°F,1
2014-09-11,93°F,68°F,2
2014-09-12,92°F,69°F,2
2014-09-13,93°F,69°F,3
2014-09-14,100°F,71°F,3
2014-09-15,98°F,73°F,2
2014-09-16,99°F,74°F,3
2014-09-17,95°F,75°F,2
2014-09-18,82°F,68°F,2
2014-09-19,80°F,69°F,3
2014-09-20,79°F,68°F,4
2014-09-21,81°F,67°F,4
2014-09-22,82°F,62°F,4
2014-09-23,86°F,62°F,3
2014-09-24,93°F,63°F,2
2014-09-25,89°F,69°F,4
2014-09-26,81°F,66°F,3
2014-09-27,76°F,63°F,4
2014-09-28,77°F,64°F,4
2014-09-29,82°F,62°F,3
2014-09-30,86°F,62°F,3
2014-10-01,81°F,65°F,3
2014-10-02,98°F,61°F,3
2014-10-03,100°F,61°F,4
2014-10-04,95°F,62°F,6
2014-10-05,89°F,62°F,6
2014-10-06,91°F,61°F,6
2014-10-07,92°F,64°F,5
2014-10-08,84°F,64°F,4
2014-10-09,77°F,68°F,5
2014-10-10,80°F,65°F,6
2014-10-11,82°F,65°F,8
2014-10-12,78°F,66°F,7
2014-10-13,79°F,66°F,6
2014-10-14,77°F,68°F,5
2014-10-15,78°F,66°F,5
2014-10-16,77°F,62°F,4
2014-10-17,77°F,61°F,5
2014-10-18,77°F,64°F,7
2014-10-19,77°F,60°F,6
2014-10-20,77°F,64°F,5
2014-10-21,78°F,65°F,3
2014-10-22,82°F,58°F,3
2014-10-23,85°F,59°F,3
2014-10-24,86°F,58°F,4
2014-10-25,81°F,63°F,6
2014-10-26,75°F,61°F,6
2014-10-27,76°F,58°F,4
2014-10-28,79°F,58°F,3
2014-10-29,85°F,57°F,3
2014-10-30,80°F,59°F,3
2014-10-31,71°F,60°F,3
2014-11-01,67°F,57°F,5
2014-11-02,69°F,52°F,7
2014-11-03,75°F,50°F,4
2014-11-04,81°F,51°F,4
2014-11-05,88°F,51°F,2
2014-11-06,91°F,57°F,3
2014-11-07,90°F,56°F,4
2014-11-08,88°F,55°F,5
2014-11-09,75°F,58°F,8
2014-11-10,70°F,63°F,5
2014-11-11,69°F,64°F,4
2014-11-12,69°F,58°F,2
2014-11-13,70°F,56°F,3
2014-11-14,72°F,61°F,4
2014-11-15,71°F,57°F,4
2014-11-16,76°F,56°F,5
2014-11-17,79°F,56°F,3
2014-11-18,79°F,51°F,3
2014-11-19,72°F,52°F,2
2014-11-20,70°F,52°F,2
2014-11-21,71°F,56°F,4
2014-11-22,71°F,52°F,4
2014-11-23,80°F,52°F,8
2014-11-24,82°F,49°F,9
2014-11-25,82°F,49°F,9
2014-11-26,85°F,49°F,8
2014-11-27,89°F,51°F,6
2014-11-28,79°F,50°F,7
2014-11-29,72°F,49°F,7
2014-11-30,67°F,59°F,6
2014-12-01,70°F,58°F,3
2014-12-02,63°F,59°F,3
2014-12-03,67°F,61°F,3
2014-12-04,70°F,60°F,3
2014-12-05,69°F,56°F,4
2014-12-06,73°F,57°F,5
2014-12-07,76°F,54°F,6
2014-12-08,78°F,55°F,4
2014-12-09,75°F,52°F,4
2014-12-10,70°F,53°F,3
2014-12-11,67°F,59°F,3
2014-12-12,64°F,55°F,4
2014-12-13,65°F,49°F,5
2014-12-14,65°F,47°F,6
2014-12-15,65°F,47°F,5
2014-12-16,61°F,55°F,4
2014-12-17,65°F,52°F,4
2014-12-18,63°F,48°F,5
2014-12-19,68°F,49°F,5
2014-12-20,63°F,49°F,6
2014-12-21,67°F,51°F,9
2014-12-22,73°F,49°F,10
2014-12-23,81°F,50°F,10
2014-12-24,74°F,51°F,8
2014-12-25,67°F,50°F,10
2014-12-26,64°F,43°F,10
2014-12-27,64°F,45°F,10
2014-12-28,62°F,40°F,10
2014-12-29,62°F,41°F,10
2014-12-30,58°F,47°F,10
2014-12-31,63°F,41°F,10
2015-01-01,58°F,36°F,9
2015-01-02,60°F,38°F,10
2015-01-03,62°F,40°F,10
2015-01-04,69°F,40°F,8
2015-01-05,81°F,44°F,8
2015-01-06,85°F,49°F,6
2015-01-07,80°F,48°F,5
2015-01-08,71°F,49°F,5
2015-01-09,70°F,54°F,5
2015-01-10,63°F,51°F,5
2015-01-11,63°F,56°F,4
2015-01-12,65°F,54°F,2
2015-01-13,70°F,55°F,2
2015-01-14,73°F,48°F,2
2015-01-15,76°F,46°F,2
2015-01-16,72°F,46°F,5
2015-01-17,75°F,47°F,7
2015-01-18,72°F,50°F,7
2015-01-19,68°F,48°F,8
2015-01-20,63°F,54°F,3
2015-01-21,73°F,55°F,3
2015-01-22,73°F,47°F,3
2015-01-23,77°F,46°F,4
2015-01-24,82°F,55°F,5
2015-01-25,82°F,55°F,6
2015-01-26,77°F,57°F,3
2015-01-27,72°F,54°F,2
2015-01-28,74°F,53°F,2
2015-01-29,75°F,59°F,2
2015-01-30,69°F,60°F,4
2015-01-31,70°F,56°F,5
2015-02-01,74°F,49°F,7
2015-02-02,73°F,49°F,4
2015-02-03,71°F,54°F,4
2015-02-04,71°F,55°F,3
2015-02-05,75°F,53°F,3
2015-02-06,73°F,54°F,5
2015-02-07,72°F,53°F,7
2015-02-08,78°F,59°F,7
2015-02-09,74°F,58°F,6
2015-02-10,76°F,51°F,4
2015-02-11,87°F,51°F,3
2015-02-12,88°F,55°F,3
2015-02-13,87°F,55°F,7
2015-02-14,85°F,55°F,8
2015-02-15,76°F,53°F,9
2015-02-16,70°F,55°F,9
2015-02-17,70°F,57°F,7
2015-02-18,72°F,53°F,5
2015-02-19,72°F,56°F,5
2015-02-20,68°F,55°F,6
2015-02-21,68°F,57°F,6
2015-02-22,65°F,54°F,6
2015-02-23,65°F,51°F,4
2015-02-24,73°F,46°F,4
2015-02-25,71°F,49°F,3
2015-02-26,68°F,50°F,4
2015-02-27,65°F,54°F,5
2015-02-28,64°F,55°F,7
2015-03-01,62°F,51°F,8
2015-03-02,61°F,50°F,5
2015-03-03,66°F,46°F,5
2015-03-04,73°F,47°F,4
2015-03-05,78°F,46°F,4
2015-03-06,87°F,47°F,6
2015-03-07,86°F,52°F,7
2015-03-08,74°F,53°F,7
2015-03-09,71°F,54°F,7
2015-03-10,79°F,55°F,7
2015-03-11,74°F,60°F,7
2015-03-12,88°F,54°F,7
2015-03-13,91°F,61°F,8
2015-03-14,93°F,61°F,7
2015-03-15,91°F,65°F,9
2015-03-16,88°F,62°F,8
2015-03-17,81°F,59°F,9
2015-03-18,71°F,62°F,8
2015-03-19,74°F,59°F,7
2015-03-20,76°F,60°F,8
2015-03-21,72°F,60°F,8
2015-03-22,70°F,60°F,9
2015-03-23,70°F,58°F,8
2015-03-24,72°F,55°F,9
2015-03-25,82°F,56°F,9
2015-03-26,91°F,56°F,8
2015-03-27,87°F,60°F,8
2015-03-28,79°F,59°F,8
2015-03-29,78°F,59°F,9
2015-03-30,77°F,58°F,10
2015-03-31,72°F,58°F,10
2015-04-01,74°F,59°F,10
2015-04-02,73°F,54°F,10
2015-04-03,85°F,52°F,10
2015-04-04,80°F,53°F,10
2015-04-05,69°F,57°F,7
2015-04-06,66°F,55°F,8
2015-04-07,66°F,50°F,8
2015-04-08,70°F,49°F,8
2015-04-09,73°F,51°F,8
2015-04-10,71°F,53°F,8
2015-04-11,72°F,53°F,7
2015-04-12,74°F,55°F,8
2015-04-13,75°F,58°F,6
2015-04-14,73°F,60°F,4
2015-04-15,82°F,55°F,4
2015-04-16,81°F,60°F,4
2015-04-17,82°F,54°F,7
2015-04-18,77°F,54°F,7
2015-04-19,76°F,55°F,7
2015-04-20,70°F,59°F,4
2015-04-21,67°F,60°F,4
2015-04-22,67°F,56°F,4
2015-04-23,68°F,57°F,5
2015-04-24,67°F,57°F,6
2015-04-25,65°F,57°F,6
2015-04-26,72°F,52°F,8
2015-04-27,87°F,56°F,6
2015-04-28,89°F,57°F,5
2015-04-29,93°F,59°F,4
2015-04-30,90°F,60°F,5
2015-05-01,90°F,60°F,6
2015-05-02,81°F,59°F,6
2015-05-03,72°F,60°F,7
2015-05-04,70°F,57°F,5
2015-05-05,68°F,58°F,5
2015-05-06,68°F,58°F,5
2015-05-07,67°F,55°F,5
2015-05-08,62°F,52°F,6
2015-05-09,66°F,56°F,7
2015-05-10,75°F,52°F,5
2015-05-11,75°F,57°F,5
2015-05-12,69°F,59°F,5
2015-05-13,68°F,57°F,5
2015-05-14,66°F,56°F,4
2015-05-15,67°F,55°F,7
2015-05-16,69°F,55°F,8
2015-05-17,71°F,57°F,8
2015-05-18,71°F,59°F,6
2015-05-19,71°F,56°F,6
2015-05-20,71°F,58°F,5
2015-05-21,70°F,60°F,5
2015-05-22,66°F,58°F,7
2015-05-23,69°F,58°F,8
2015-05-24,70°F,61°F,7
2015-05-25,70°F,57°F,8
2015-05-26,72°F,61°F,8
2015-05-27,73°F,60°F,7
2015-05-28,74°F,58°F,7
2015-05-29,76°F,60°F,7
2015-05-30,75°F,61°F,7
2015-05-31,72°F,60°F,8
2015-06-01,75°F,61°F,8
2015-06-02,74°F,59°F,8
2015-06-03,74°F,62°F,7
2015-06-04,70°F,62°F,8
2015-06-05,72°F,62°F,7
2015-06-06,74°F,60°F,6
2015-06-07,80°F,60°F,7
2015-06-08,89°F,61°F,8
2015-06-09,85°F,67°F,9
2015-06-10,74°F,64°F,8
2015-06-11,74°F,63°F,8
2015-06-12,72°F,64°F,7
2015-06-13,72°F,63°F,6
2015-06-14,78°F,65°F,7
2015-06-15,79°F,64°F,8
2015-06-16,77°F,64°F,9
2015-06-17,77°F,63°F,8
2015-06-18,80°F,63°F,8
2015-06-19,85°F,61°F,7
2015-06-20,81°F,63°F,6
2015-06-21,78°F,65°F,6
2015-06-22,82°F,64°F,9
2015-06-23,83°F,64°F,9
2015-06-24,81°F,64°F,8
2015-06-25,81°F,64°F,8
2015-06-26,82°F,64°F,7
2015-06-27,76°F,64°F,5
2015-06-28,90°F,68°F,7
2015-06-29,84°F,67°F,8
2015-06-30,85°F,67°F,8
2015-07-01,84°F,70°F,7
2015-07-02,85°F,70°F,8
2015-07-03,82°F,65°F,7
2015-07-04,77°F,64°F,6
2015-07-05,76°F,66°F,7
2015-07-06,76°F,66°F,7
2015-07-07,76°F,64°F,7
2015-07-08,76°F,65°F,7
2015-07-09,76°F,66°F,7
2015-07-10,77°F,64°F,6
2015-07-11,79°F,62°F,6
2015-07-12,84°F,64°F,6
2015-07-13,85°F,65°F,7
2015-07-14,78°F,66°F,8
2015-07-15,79°F,66°F,7
2015-07-16,80°F,67°F,7
2015-07-17,84°F,66°F,7
2015-07-18,85°F,67°F,7
2015-07-19,88°F,71°F,7
2015-07-20,83°F,71°F,8
2015-07-21,81°F,70°F,8
2015-07-22,83°F,71°F,7
2015-07-23,82°F,70°F,7
2015-07-24,85°F,69°F,7
2015-07-25,87°F,68°F,7
2015-07-26,81°F,67°F,7
2015-07-27,79°F,68°F,8
2015-07-28,81°F,68°F,8
2015-07-29,82°F,69°F,8
2015-07-30,85°F,70°F,7
2015-07-31,85°F,70°F,7
2015-08-01,81°F,70°F,6
2015-08-02,82°F,69°F,7
2015-08-03,83°F,69°F,8
2015-08-04,88°F,67°F,9
2015-08-05,91°F,68°F,8
2015-08-06,81°F,68°F,7
2015-08-07,78°F,69°F,7
2015-08-08,80°F,68°F,6
2015-08-09,78°F,64°F,6
2015-08-10,79°F,66°F,7
2015-08-11,80°F,64°F,7
2015-08-12,90°F,63°F,6
2015-08-13,92°F,68°F,6
2015-08-14,96°F,68°F,5
2015-08-15,97°F,70°F,5
2015-08-16,95°F,68°F,3
2015-08-17,82°F,71°F,6
2015-08-18,81°F,70°F,6
2015-08-19,80°F,69°F,6
2015-08-20,81°F,69°F,6
2015-08-21,80°F,70°F,4
2015-08-22,82°F,69°F,5
2015-08-23,83°F,67°F,5
2015-08-24,86°F,69°F,4
2015-08-25,85°F,70°F,3
2015-08-26,90°F,72°F,2
2015-08-27,92°F,70°F,4
2015-08-28,95°F,71°F,2
2015-08-29,91°F,71°F,4
2015-08-30,85°F,72°F,3
2015-08-31,80°F,70°F,4
2015-09-01,79°F,70°F,2
2015-09-02,79°F,68°F,2
2015-09-03,78°F,67°F,2
2015-09-04,78°F,66°F,2
2015-09-05,81°F,63°F,3
2015-09-06,88°F,64°F,4
2015-09-07,93°F,70°F,3
2015-09-08,99°F,72°F,2
2015-09-09,100°F,77°F,2
2015-09-10,95°F,77°F,2
2015-09-11,92°F,76°F,3
2015-09-12,92°F,75°F,4
2015-09-13,88°F,72°F,4
2015-09-14,83°F,71°F,2
2015-09-15,80°F,70°F,3
2015-09-16,77°F,68°F,2
2015-09-17,80°F,65°F,2
2015-09-18,86°F,63°F,3
2015-09-19,86°F,67°F,5
2015-09-20,101°F,70°F,4
2015-09-21,82°F,72°F,3
2015-09-22,82°F,70°F,3
2015-09-23,86°F,67°F,2
2015-09-24,89°F,68°F,3
2015-09-25,90°F,69°F,3
2015-09-26,87°F,70°F,4
2015-09-27,88°F,68°F,4
2015-09-28,88°F,69°F,3
2015-09-29,85°F,64°F,3
2015-09-30,87°F,65°F,3
2015-10-01,83°F,67°F,3
2015-10-02,81°F,66°F,4
2015-10-03,80°F,64°F,4
2015-10-04,72°F,63°F,6
2015-10-05,74°F,62°F,6
2015-10-06,78°F,62°F,5
2015-10-07,82°F,63°F,4
2015-10-08,88°F,65°F,5
2015-10-09,103°F,67°F,6
2015-10-10,100°F,72°F,7
2015-10-11,96°F,70°F,6
2015-10-12,93°F,71°F,6
2015-10-13,88°F,75°F,4
2015-10-14,86°F,74°F,4
2015-10-15,81°F,71°F,4
2015-10-16,78°F,71°F,5
2015-10-17,82°F,70°F,6
2015-10-18,78°F,70°F,6
2015-10-19,74°F,66°F,5
2015-10-20,79°F,62°F,3
2015-10-21,80°F,60°F,3
2015-10-22,78°F,63°F,3
2015-10-23,83°F,62°F,4
2015-10-24,91°F,59°F,4
2015-10-25,84°F,64°F,5
2015-10-26,87°F,59°F,4
2015-10-27,82°F,59°F,3
2015-10-28,77°F,65°F,2
2015-10-29,84°F,61°F,3
2015-10-30,86°F,63°F,4
2015-10-31,87°F,56°F,3
2015-11-01,82°F,57°F,6
2015-11-02,72°F,60°F,4
2015-11-03,70°F,53°F,5
2015-11-04,70°F,50°F,3
2015-11-05,72°F,48°F,2
2015-11-06,78°F,50°F,5
2015-11-07,81°F,51°F,5
2015-11-08,75°F,52°F,6
2015-11-09,69°F,55°F,5
2015-11-10,67°F,50°F,5
2015-11-11,75°F,45°F,8
2015-11-12,76°F,44°F,5
2015-11-13,79°F,46°F,5
2015-11-14,76°F,48°F,8
2015-11-15,69°F,52°F,7
2015-11-16,65°F,48°F,8
2015-11-17,72°F,42°F,8
2015-11-18,75°F,46°F,8
2015-11-19,81°F,47°F,8
2015-11-20,80°F,49°F,8
2015-11-21,87°F,55°F,9
2015-11-22,86°F,57°F,9
2015-11-23,77°F,52°F,9
2015-11-24,69°F,53°F,9
2015-11-25,62°F,52°F,9
2015-11-26,62°F,49°F,9
2015-11-27,64°F,49°F,9
2015-11-28,65°F,45°F,9
2015-11-29,67°F,47°F,8
2015-11-30,68°F,42°F,5
2015-12-01,71°F,43°F,3
2015-12-02,79°F,44°F,3
2015-12-03,75°F,47°F,3
2015-12-04,66°F,48°F,6
2015-12-05,78°F,45°F,7
2015-12-06,77°F,50°F,7
2015-12-07,78°F,47°F,4
2015-12-08,79°F,49°F,3
2015-12-09,74°F,52°F,4
2015-12-10,66°F,53°F,3
2015-12-11,64°F,55°F,6
2015-12-12,66°F,40°F,8
2015-12-13,66°F,45°F,8
2015-12-14,61°F,46°F,6
2015-12-15,62°F,38°F,6
2015-12-16,62°F,40°F,6
2015-12-17,66°F,40°F,6
2015-12-18,72°F,41°F,7
2015-12-19,64°F,43°F,8
2015-12-20,61°F,43°F,8
2015-12-21,62°F,43°F,10
2015-12-22,62°F,55°F,10
2015-12-23,65°F,50°F,10
2015-12-24,62°F,44°F,10
2015-12-25,60°F,46°F,8
2015-12-26,61°F,45°F,9
2015-12-27,62°F,37°F,10
2015-12-28,58°F,38°F,10
2015-12-29,60°F,37°F,10
2015-12-30,63°F,38°F,10
2015-12-31,66°F,39°F,9
2016-01-01,65°F,42°F,8
2016-01-02,64°F,42°F,9
2016-01-03,62°F,42°F,7
2016-01-04,68°F,55°F,9
2016-01-05,59°F,54°F,9
2016-01-06,58°F,47°F,7
2016-01-07,58°F,48°F,6
2016-01-08,60°F,41°F,6
2016-01-09,60°F,44°F,6
2016-01-10,60°F,51°F,2
2016-01-11,65°F,46°F,5
2016-01-12,69°F,41°F,3
2016-01-13,65°F,41°F,3
2016-01-14,63°F,49°F,3
2016-01-15,62°F,50°F,5
2016-01-16,64°F,51°F,8
2016-01-17,68°F,49°F,9
2016-01-18,63°F,54°F,6
2016-01-19,65°F,54°F,4
2016-01-20,70°F,57°F,4
2016-01-21,76°F,52°F,2
2016-01-22,68°F,49°F,4
2016-01-23,63°F,51°F,7
2016-01-24,65°F,46°F,6
2016-01-25,71°F,46°F,4
2016-01-26,74°F,49°F,2
2016-01-27,71°F,46°F,2
2016-01-28,71°F,44°F,2
2016-01-29,67°F,48°F,6
2016-01-30,63°F,54°F,8
2016-01-31,60°F,51°F,8
2016-02-01,60°F,44°F,2
2016-02-02,59°F,36°F,3
2016-02-03,64°F,41°F,3
2016-02-04,71°F,42°F,4
2016-02-05,78°F,46°F,4
2016-02-06,79°F,49°F,10
2016-02-07,87°F,49°F,9
2016-02-08,87°F,60°F,6
2016-02-09,90°F,55°F,3
2016-02-10,84°F,53°F,3
2016-02-11,81°F,51°F,4
2016-02-12,81°F,50°F,9
2016-02-13,68°F,50°F,10
2016-02-14,77°F,50°F,9
2016-02-15,90°F,57°F,10
2016-02-16,89°F,54°F,9
2016-02-17,76°F,55°F,7
2016-02-18,68°F,55°F,5
2016-02-19,68°F,49°F,7
2016-02-20,70°F,49°F,7
2016-02-21,72°F,48°F,7
2016-02-22,81°F,51°F,6
2016-02-23,81°F,51°F,5
2016-02-24,82°F,53°F,5
2016-02-25,80°F,49°F,6
2016-02-26,77°F,50°F,9
2016-02-27,72°F,56°F,9
2016-02-28,72°F,56°F,8
2016-02-29,74°F,56°F,2
2016-03-01,74°F,55°F,3
2016-03-02,72°F,55°F,2
2016-03-03,71°F,54°F,2
2016-03-04,68°F,56°F,3
2016-03-05,67°F,59°F,6
2016-03-06,66°F,56°F,7
2016-03-07,60°F,49°F,8
2016-03-08,69°F,43°F,8
2016-03-09,71°F,52°F,7
2016-03-10,72°F,53°F,5
2016-03-11,68°F,54°F,7
2016-03-12,64°F,47°F,9
2016-03-13,65°F,50°F,9
2016-03-14,68°F,58°F,8
2016-03-15,74°F,52°F,8
2016-03-16,85°F,53°F,8
2016-03-17,76°F,56°F,8
2016-03-18,72°F,58°F,10
2016-03-19,69°F,58°F,9
2016-03-20,71°F,55°F,10
2016-03-21,70°F,57°F,10
2016-03-22,72°F,53°F,9
2016-03-23,79°F,50°F,10
2016-03-24,79°F,50°F,10
2016-03-25,75°F,51°F,9
2016-03-26,72°F,54°F,9
2016-03-27,70°F,57°F,8
2016-03-28,65°F,54°F,10
2016-03-29,65°F,47°F,10
2016-03-30,64°F,49°F,10
2016-03-31,71°F,48°F,10
2016-04-01,70°F,51°F,9
2016-04-02,78°F,54°F,9
2016-04-03,77°F,55°F,8
2016-04-04,77°F,55°F,9
2016-04-05,82°F,55°F,9
2016-04-06,79°F,57°F,9
2016-04-07,66°F,60°F,7
2016-04-08,63°F,60°F,9
2016-04-09,65°F,59°F,10
2016-04-10,69°F,58°F,9
2016-04-11,73°F,56°F,4
2016-04-12,71°F,55°F,3
2016-04-13,70°F,58°F,2
2016-04-14,71°F,57°F,3
2016-04-15,76°F,54°F,7
2016-04-16,83°F,58°F,8
2016-04-17,88°F,54°F,8
2016-04-18,88°F,57°F,4
2016-04-19,88°F,58°F,3
2016-04-20,88°F,58°F,2
2016-04-21,83°F,56°F,3
2016-04-22,74°F,57°F,7
2016-04-23,76°F,55°F,8
2016-04-24,72°F,55°F,8
2016-04-25,67°F,56°F,4
2016-04-26,69°F,51°F,3
2016-04-27,70°F,55°F,3
2016-04-28,68°F,55°F,3
2016-04-29,69°F,55°F,6
2016-04-30,69°F,56°F,7
2016-05-01,70°F,57°F,8
2016-05-02,78°F,56°F,7
2016-05-03,77°F,58°F,5
2016-05-04,69°F,59°F,4
2016-05-05,68°F,59°F,4
2016-05-06,66°F,57°F,5
2016-05-07,69°F,57°F,8
2016-05-08,69°F,56°F,7
2016-05-09,71°F,56°F,3
2016-05-10,71°F,56°F,3
2016-05-11,75°F,59°F,3
2016-05-12,76°F,59°F,2
2016-05-13,76°F,60°F,3
2016-05-14,71°F,62°F,7
2016-05-15,70°F,61°F,6
2016-05-16,70°F,61°F,5
2016-05-17,73°F,62°F,4
2016-05-18,74°F,62°F,3
2016-05-19,72°F,61°F,3
2016-05-20,69°F,59°F,7
2016-05-21,69°F,55°F,5
2016-05-22,73°F,55°F,6
2016-05-23,70°F,55°F,5
2016-05-24,71°F,58°F,3
2016-05-25,70°F,57°F,3
2016-05-26,72°F,57°F,3
2016-05-27,73°F,59°F,6
2016-05-28,72°F,61°F,6
2016-05-29,72°F,62°F,6
2016-05-30,73°F,60°F,7
2016-05-31,70°F,60°F,5
2016-06-01,73°F,62°F,6
2016-06-02,83°F,62°F,5
2016-06-03,85°F,60°F,5
2016-06-04,78°F,61°F,6
2016-06-05,74°F,59°F,6
2016-06-06,74°F,59°F,7
2016-06-07,74°F,62°F,6
2016-06-08,76°F,62°F,7
2016-06-09,71°F,63°F,7
2016-06-10,74°F,63°F,7
2016-06-11,68°F,63°F,6
2016-06-12,71°F,62°F,7
2016-06-13,72°F,60°F,8
2016-06-14,71°F,60°F,7
2016-06-15,72°F,63°F,8
2016-06-16,78°F,58°F,7
2016-06-17,88°F,59°F,8
2016-06-18,92°F,62°F,5
2016-06-19,101°F,65°F,5
2016-06-20,103°F,68°F,6
2016-06-21,82°F,68°F,6
2016-06-22,83°F,64°F,6
2016-06-23,80°F,66°F,6
2016-06-24,76°F,65°F,7
2016-06-25,78°F,65°F,6
2016-06-26,82°F,64°F,7
2016-06-27,86°F,67°F,8
2016-06-28,86°F,67°F,7
2016-06-29,84°F,67°F,6
2016-06-30,79°F,68°F,6
2016-07-01,77°F,66°F,7
2016-07-02,77°F,64°F,6
2016-07-03,76°F,64°F,5
2016-07-04,79°F,63°F,6
2016-07-05,79°F,66°F,6
2016-07-06,79°F,65°F,6
2016-07-07,80°F,65°F,7
2016-07-08,80°F,66°F,8
2016-07-09,81°F,66°F,8
2016-07-10,83°F,66°F,7
2016-07-11,79°F,67°F,8
2016-07-12,80°F,67°F,8
2016-07-13,83°F,67°F,8
2016-07-14,81°F,66°F,8
2016-07-15,82°F,64°F,6
2016-07-16,81°F,66°F,6
2016-07-17,80°F,65°F,7
2016-07-18,84°F,65°F,9
2016-07-19,89°F,66°F,9
2016-07-20,94°F,66°F,9
2016-07-21,95°F,67°F,8
2016-07-22,98°F,67°F,8
2016-07-23,89°F,69°F,7
2016-07-24,87°F,68°F,8
2016-07-25,89°F,69°F,10
2016-07-26,92°F,70°F,9
2016-07-27,89°F,70°F,8
2016-07-28,87°F,70°F,8
2016-07-29,86°F,71°F,7
2016-07-30,84°F,71°F,7
2016-07-31,83°F,70°F,6
2016-08-01,85°F,69°F,8
2016-08-02,85°F,68°F,7
2016-08-03,82°F,69°F,7
2016-08-04,84°F,69°F,7
2016-08-05,80°F,67°F,8
2016-08-06,80°F,67°F,7
2016-08-07,81°F,67°F,7
2016-08-08,78°F,67°F,8
2016-08-09,79°F,67°F,7
2016-08-10,81°F,65°F,6
2016-08-11,80°F,66°F,7
2016-08-12,84°F,66°F,6
2016-08-13,88°F,67°F,6
2016-08-14,92°F,68°F,7
2016-08-15,94°F,56°F,7
2016-08-16,92°F,64°F,7
2016-08-17,89°F,61°F,6
2016-08-18,84°F,62°F,7
2016-08-19,86°F,63°F,6
2016-08-20,83°F,64°F,7
2016-08-21,85°F,65°F,6
2016-08-22,82°F,65°F,6
2016-08-23,81°F,65°F,5
2016-08-24,83°F,65°F,4
2016-08-25,77°F,66°F,4
2016-08-26,76°F,65°F,4
2016-08-27,78°F,65°F,7
2016-08-28,85°F,64°F,6
2016-08-29,87°F,65°F,4
2016-08-30,86°F,68°F,3
2016-08-31,88°F,68°F,3
2016-09-01,80°F,66°F,2
2016-09-02,78°F,67°F,4
2016-09-03,76°F,67°F,7
2016-09-04,76°F,66°F,5
2016-09-05,76°F,65°F,7
2016-09-06,81°F,64°F,3
2016-09-07,77°F,63°F,4
2016-09-08,79°F,67°F,3
2016-09-09,83°F,65°F,4
2016-09-10,84°F,62°F,7
2016-09-11,81°F,65°F,6
2016-09-12,73°F,65°F,4
2016-09-13,72°F,63°F,3
2016-09-14,77°F,60°F,2
2016-09-15,78°F,58°F,2
2016-09-16,79°F,59°F,4
2016-09-17,84°F,61°F,7
2016-09-18,84°F,61°F,5
2016-09-19,91°F,63°F,4
2016-09-20,83°F,71°F,4
2016-09-21,86°F,70°F,4
2016-09-22,76°F,65°F,4
2016-09-23,80°F,58°F,3
2016-09-24,88°F,58°F,7
2016-09-25,99°F,61°F,6
2016-09-26,104°F,67°F,4
2016-09-27,92°F,70°F,3
2016-09-28,91°F,69°F,3
2016-09-29,92°F,68°F,3
2016-09-30,90°F,66°F,3
2016-10-01,82°F,65°F,7
2016-10-02,76°F,63°F,6
2016-10-03,76°F,60°F,4
2016-10-04,74°F,60°F,5
2016-10-05,75°F,60°F,3
2016-10-06,84°F,57°F,5
2016-10-07,92°F,58°F,4
2016-10-08,89°F,58°F,9
2016-10-09,91°F,57°F,7
2016-10-10,86°F,61°F,5
2016-10-11,72°F,60°F,4
2016-10-12,71°F,59°F,4
2016-10-13,75°F,55°F,6
2016-10-14,74°F,60°F,5
2016-10-15,74°F,63°F,9
2016-10-16,76°F,65°F,7
2016-10-17,72°F,63°F,4
2016-10-18,74°F,59°F,3
2016-10-19,92°F,56°F,4
2016-10-20,97°F,59°F,4
2016-10-21,88°F,59°F,4
2016-10-22,82°F,57°F,9
2016-10-23,76°F,60°F,4
2016-10-24,73°F,63°F,4
2016-10-25,76°F,58°F,3
2016-10-26,77°F,57°F,3
2016-10-27,79°F,60°F,3
2016-10-28,79°F,65°F,5
2016-10-29,82°F,61°F,6
2016-10-30,70°F,63°F,6
2016-10-31,70°F,57°F,4
2016-11-01,69°F,54°F,2
2016-11-02,82°F,52°F,2
2016-11-03,83°F,57°F,2
2016-11-04,79°F,56°F,3
2016-11-05,79°F,56°F,6
2016-11-06,74°F,57°F,5
2016-11-07,76°F,57°F,5
2016-11-08,92°F,56°F,3
2016-11-09,95°F,62°F,3
2016-11-10,90°F,62°F,3
2016-11-11,86°F,58°F,7
2016-11-12,85°F,59°F,5
2016-11-13,89°F,57°F,5
2016-11-14,85°F,56°F,3
2016-11-15,77°F,56°F,3
2016-11-16,69°F,56°F,3
2016-11-17,74°F,52°F,2
2016-11-18,78°F,51°F,4
2016-11-19,73°F,46°F,7
2016-11-20,65°F,55°F,7
2016-11-21,67°F,57°F,9
2016-11-22,69°F,52°F,9
2016-11-23,70°F,50°F,9
